INSERT INTO building (num_of_flat, adress)
VALUES
(20, 'Shewchenko 1'),
(20, 'Shewchenko 2'),
(20, 'Shewchenko 3'),
(20, 'Shewchenko 4'),
(20, 'Shewchenko 5');

INSERT INTO flat (id, building_id, apartment_number, area, floor, num_of_rooms)
VALUES
(1, 1, 1, 85, 1, 2),
(2, 1, 2, 72, 1, 3),
(3, 1, 3, 84, 1, 1),
(4, 1, 4, 74, 1, 4),
(5, 1, 5, 73, 2, 1),
(6, 1, 6, 63, 2, 2),
(7, 1, 7, 77, 2, 1),
(8, 1, 8, 99, 2, 2),
(9, 1, 9, 63, 3, 1),
(10, 1, 10, 86, 3, 4),
(11, 1, 11, 81, 3, 1),
(12, 1, 12, 99, 3, 4),
(13, 1, 13, 86, 4, 4),
(14, 1, 14, 86, 4, 2),
(15, 1, 15, 71, 4, 1),
(16, 1, 16, 82, 4, 2),
(17, 1, 17, 86, 5, 1),
(18, 1, 18, 75, 5, 1),
(19, 1, 19, 73, 5, 1),
(20, 1, 20, 61, 5, 3),
(21, 2, 1, 73, 1, 4),
(22, 2, 2, 79, 1, 2),
(23, 2, 3, 60, 1, 4),
(24, 2, 4, 98, 1, 2),
(25, 2, 5, 92, 2, 3),
(26, 2, 6, 97, 2, 3),
(27, 2, 7, 95, 2, 3),
(28, 2, 8, 73, 2, 1),
(29, 2, 9, 90, 3, 1),
(30, 2, 10, 82, 3, 1),
(31, 2, 11, 97, 3, 4),
(32, 2, 12, 75, 3, 4),
(33, 2, 13, 95, 4, 1),
(34, 2, 14, 63, 4, 1),
(35, 2, 15, 92, 4, 3),
(36, 2, 16, 60, 4, 3),
(37, 2, 17, 65, 5, 3),
(38, 2, 18, 75, 5, 3),
(39, 2, 19, 67, 5, 2),
(40, 2, 20, 64, 5, 1),
(41, 3, 1, 95, 1, 1),
(42, 3, 2, 63, 1, 2),
(43, 3, 3, 100, 1, 1),
(44, 3, 4, 68, 1, 4),
(45, 3, 5, 75, 2, 3),
(46, 3, 6, 95, 2, 2),
(47, 3, 7, 77, 2, 4),
(48, 3, 8, 80, 2, 2),
(49, 3, 9, 88, 3, 3),
(50, 3, 10, 64, 3, 3),
(51, 3, 11, 87, 3, 2),
(52, 3, 12, 63, 3, 2),
(53, 3, 13, 68, 4, 4),
(54, 3, 14, 67, 4, 3),
(55, 3, 15, 91, 4, 3),
(56, 3, 16, 75, 4, 4),
(57, 3, 17, 94, 5, 4),
(58, 3, 18, 75, 5, 2),
(59, 3, 19, 70, 5, 4),
(60, 3, 20, 66, 5, 4),
(61, 4, 1, 80, 1, 4),
(62, 4, 2, 100, 1, 2),
(63, 4, 3, 69, 1, 1),
(64, 4, 4, 71, 1, 4),
(65, 4, 5, 86, 2, 1),
(66, 4, 6, 61, 2, 4),
(67, 4, 7, 78, 2, 1),
(68, 4, 8, 77, 2, 1),
(69, 4, 9, 87, 3, 3),
(70, 4, 10, 75, 3, 3),
(71, 4, 11, 81, 3, 4),
(72, 4, 12, 61, 3, 2),
(73, 4, 13, 71, 4, 4),
(74, 4, 14, 99, 4, 2),
(75, 4, 15, 96, 4, 3),
(76, 4, 16, 68, 4, 1),
(77, 4, 17, 100, 5, 1),
(78, 4, 18, 84, 5, 4),
(79, 4, 19, 92, 5, 2),
(80, 4, 20, 75, 5, 1),
(81, 5, 1, 92, 1, 3),
(82, 5, 2, 96, 1, 1),
(83, 5, 3, 70, 1, 1),
(84, 5, 4, 75, 1, 3),
(85, 5, 5, 65, 2, 2),
(86, 5, 6, 82, 2, 1),
(87, 5, 7, 88, 2, 3),
(88, 5, 8, 87, 2, 2),
(89, 5, 9, 65, 3, 1),
(90, 5, 10, 78, 3, 3),
(91, 5, 11, 85, 3, 1),
(92, 5, 12, 77, 3, 1),
(93, 5, 13, 63, 4, 1),
(94, 5, 14, 80, 4, 2),
(95, 5, 15, 66, 4, 1),
(96, 5, 16, 62, 4, 3),
(97, 5, 17, 77, 5, 1),
(98, 5, 18, 83, 5, 3),
(99, 5, 19, 74, 5, 3),
(100, 5, 20, 74, 5, 2);

INSERT INTO resident (id, name, email, building_id, flat_id, parking_right, ownership)
VALUES
(1, 'Дмитро Андреев', 'andreev@yahoo.com', 2, 10, 1, 1),
(2, 'Марія Кузнецова', 'kuznetsova@icloud.com', 1, 59, 1, 0),
(3, 'Юрій Алексеев', 'alekseev@ukr.net', 2, 84, 0, 1),
(4, 'Ангеліна Кудрявцева', 'kudryavtseva@yahoo.com', 1, 4, 1, 0),
(5, 'Дмитро Ковалев', 'kovalev@yahoo.com', 4, 65, 1, 1),
(6, 'Сергій Киселев', 'kiselev@yahoo.com', 4, 29, 0, 1),
(7, 'Андрій Киселев', 'kiselev@yahoo.com', 1, 6, 0, 1),
(8, 'Світлана Петрова', 'petrova@outlook.com', 5, 98, 0, 1),
(9, 'Сергій Павлов', 'pavlov@gmail.com', 2, 23, 1, 1),
(10, 'Олена Волкова', 'volkova@yahoo.com', 4, 8, 0, 0),
(11, 'Ірина Белова', 'belova@outlook.com', 1, 25, 1, 0),
(12, 'Олександр Кудрявцев', 'kudryavtsev@icloud.com', 3, 13, 1, 0),
(13, 'Ольга Іванова', 'nullvanova@yahoo.com', 4, 90, 1, 0),
(14, 'Катерина Петрова', 'petrova@icloud.com', 5, 89, 0, 1),
(15, 'Василь Федоров', 'fedorov@outlook.com', 2, 70, 1, 1),
(16, 'Павло Іванов', 'nullvanov@gmail.com', 4, 80, 1, 1),
(17, 'Дмитро Алексеев', 'alekseev@ukr.net', 1, 62, 0, 1),
(18, 'Василь Захаров', 'zakharov@icloud.com', 2, 47, 0, 0),
(19, 'Роман Белов', 'belov@yahoo.com', 3, 95, 1, 1),
(20, 'Марія Михайлова', 'mikhaylova@icloud.com', 1, 62, 0, 0),
(21, 'Ярослав Морозов', 'morozov@gmail.com', 1, 51, 0, 0),
(22, 'Олена Лебедева', 'lebedeva@ukr.net', 3, 1, 1, 1),
(23, 'Роман Павлов', 'pavlov@ukr.net', 3, 53, 1, 0),
(24, 'Дарина Анисимова', 'anisimova@outlook.com', 3, 24, 0, 1),
(25, 'Василь Макаров', 'makarov@ukr.net', 4, 56, 0, 1),
(26, 'Олександр Егоров', 'egorov@icloud.com', 2, 10, 1, 0),
(27, 'Наталія Орлова', 'orlova@ukr.net', 1, 32, 0, 1),
(28, 'Ангеліна Киселева', 'kiseleva@outlook.com', 1, 49, 1, 0),
(29, 'Сергій Баранов', 'baranov@icloud.com', 4, 76, 1, 1),
(30, 'Ярослав Киселев', 'kiselev@icloud.com', 1, 24, 1, 0),
(31, 'Михайло Соколов', 'sokolov@icloud.com', 2, 65, 1, 0),
(32, 'Тетяна Лебедева', 'lebedeva@icloud.com', 1, 96, 0, 1),
(33, 'Марія Іванова', 'nullvanova@ukr.net', 1, 26, 1, 0),
(34, 'Ігор Соколов', 'sokolov@yahoo.com', 4, 88, 0, 1),
(35, 'Іван Соколов', 'sokolov@yahoo.com', 2, 72, 0, 1),
(36, 'Дмитро Лебедев', 'lebedev@ukr.net', 4, 89, 0, 0),
(37, 'Григорій Кузнецов', 'kuznetsov@outlook.com', 2, 49, 0, 1),
(38, 'Ірина Семенова', 'semenova@yahoo.com', 3, 18, 1, 0),
(39, 'Людмила Егорова', 'egorova@yahoo.com', 2, 98, 1, 0),
(40, 'Лариса Лебедева', 'lebedeva@ukr.net', 4, 35, 0, 0),
(41, 'Дмитро Егоров', 'egorov@outlook.com', 2, 66, 1, 1),
(42, 'Лариса Федорова', 'fedorova@icloud.com', 4, 89, 1, 0),
(43, 'Юрій Егоров', 'egorov@icloud.com', 5, 66, 0, 0),
(44, 'Григорій Макаров', 'makarov@icloud.com', 2, 50, 0, 1),
(45, 'Ірина Белова', 'belova@gmail.com', 4, 2, 0, 1),
(46, 'Олена Смирнова', 'smirnova@ukr.net', 3, 55, 1, 1),
(47, 'Світлана Ковалева', 'kovaleva@icloud.com', 4, 16, 1, 0),
(48, 'Михайло Титов', 'titov@gmail.com', 5, 24, 1, 0),
(49, 'Вікторія Киселева', 'kiseleva@icloud.com', 3, 72, 1, 0),
(50, 'Максим Іванов', 'nullvanov@outlook.com', 4, 90, 1, 0),
(51, 'Наталія Горбачева', 'gorbacheva@yahoo.com', 2, 54, 1, 1),
(52, 'Лариса Кузнецова', 'kuznetsova@ukr.net', 1, 22, 1, 1),
(53, 'Анна Павлова', 'pavlova@yahoo.com', 1, 15, 1, 1),
(54, 'Павло Горбачев', 'gorbachev@gmail.com', 2, 26, 1, 0),
(55, 'Григорій Козлов', 'kozlov@icloud.com', 5, 12, 1, 1),
(56, 'Олена Кудрявцева', 'kudryavtseva@ukr.net', 2, 66, 0, 0),
(57, 'Роман Егоров', 'egorov@outlook.com', 5, 92, 0, 0),
(58, 'Світлана Лебедева', 'lebedeva@gmail.com', 1, 50, 0, 0),
(59, 'Оксана Алексеева', 'alekseeva@yahoo.com', 3, 24, 1, 0),
(60, 'Григорій Макаров', 'makarov@outlook.com', 3, 73, 0, 1),
(61, 'Катерина Захарова', 'zakharova@gmail.com', 1, 34, 0, 0),
(62, 'Софія Киселева', 'kiseleva@outlook.com', 5, 94, 0, 0),
(63, 'Софія Киселева', 'kiseleva@outlook.com', 5, 82, 0, 1),
(64, 'Оксана Анисимова', 'anisimova@outlook.com', 1, 91, 0, 0),
(65, 'Михайло Захаров', 'zakharov@gmail.com', 3, 5, 0, 1),
(66, 'Вікторія Степанова', 'stepanova@outlook.com', 5, 53, 0, 0),
(67, 'Олександр Смирнов', 'smirnov@gmail.com', 1, 98, 0, 0),
(68, 'Андрій Киселев', 'kiselev@icloud.com', 5, 22, 0, 0),
(69, 'Наталія Федорова', 'fedorova@icloud.com', 5, 63, 0, 1),
(70, 'Роман Федоров', 'fedorov@ukr.net', 3, 37, 0, 0),
(71, 'Ангеліна Ковалева', 'kovaleva@yahoo.com', 5, 43, 0, 1),
(72, 'Ярослав Іванов', 'nullvanov@gmail.com', 3, 9, 0, 1),
(73, 'Роман Алексеев', 'alekseev@yahoo.com', 3, 46, 0, 1),
(74, 'Анна Макарова', 'makarova@outlook.com', 5, 56, 0, 0),
(75, 'Ігор Титов', 'titov@ukr.net', 5, 5, 0, 0),
(76, 'Дмитро Анисимов', 'anisimov@icloud.com', 3, 25, 1, 0),
(77, 'Тетяна Степанова', 'stepanova@gmail.com', 2, 14, 0, 1),
(78, 'Ірина Баранова', 'baranova@outlook.com', 2, 8, 1, 0),
(79, 'Наталія Орлова', 'orlova@ukr.net', 1, 3, 0, 0),
(80, 'Павло Захаров', 'zakharov@yahoo.com', 4, 77, 1, 1),
(81, 'Юрій Макаров', 'makarov@outlook.com', 4, 77, 1, 0),
(82, 'Катерина Лебедева', 'lebedeva@gmail.com', 3, 15, 0, 0),
(83, 'Вікторія Федорова', 'fedorova@outlook.com', 3, 11, 1, 0),
(84, 'Сергій Павлов', 'pavlov@ukr.net', 1, 92, 1, 0),
(85, 'Григорій Степанов', 'stepanov@outlook.com', 5, 93, 1, 1),
(86, 'Дарина Ковалева', 'kovaleva@outlook.com', 3, 17, 1, 0),
(87, 'Олена Титова', 'titova@icloud.com', 1, 66, 0, 0),
(88, 'Ярослав Орлов', 'orlov@yahoo.com', 2, 7, 1, 0),
(89, 'Людмила Соколова', 'sokolova@ukr.net', 1, 95, 0, 0),
(90, 'Ангеліна Кудрявцева', 'kudryavtseva@ukr.net', 4, 12, 0, 0),
(91, 'Світлана Ковалева', 'kovaleva@icloud.com', 2, 48, 1, 1),
(92, 'Павло Іванов', 'nullvanov@gmail.com', 5, 74, 0, 1),
(93, 'Тетяна Павлова', 'pavlova@gmail.com', 3, 95, 0, 0),
(94, 'Максим Киселев', 'kiselev@gmail.com', 4, 66, 0, 0),
(95, 'Дмитро Семенов', 'semenov@icloud.com', 1, 58, 1, 1),
(96, 'Ольга Анисимова', 'anisimova@icloud.com', 5, 57, 1, 1),
(97, 'Софія Белова', 'belova@icloud.com', 4, 8, 1, 1),
(98, 'Марія Федорова', 'fedorova@gmail.com', 5, 98, 0, 0),
(99, 'Тетяна Лебедева', 'lebedeva@outlook.com', 3, 67, 0, 1),
(100, 'Ангеліна Федорова', 'fedorova@gmail.com', 3, 3, 1, 1);

INSERT INTO flat_owner (resident_id, flat_id)
VALUES
(1, 10),
(1, 19),
(3, 84),
(3, 37),
(3, 64),
(3, 68),
(5, 65),
(5, 90),
(6, 29),
(6, 26),
(6, 38),
(7, 6),
(7, 87),
(8, 98),
(8, 97),
(9, 23),
(14, 89),
(14, 61),
(14, 51),
(15, 70),
(16, 80),
(17, 62),
(17, 52),
(17, 79),
(19, 95),
(19, 40),
(19, 71),
(19, 31),
(22, 1),
(22, 34),
(22, 20),
(24, 24),
(25, 56),
(25, 13),
(27, 32),
(29, 76),
(29, 53),
(29, 99),
(32, 96),
(32, 47),
(34, 88),
(34, 28),
(35, 72),
(35, 39),
(35, 91),
(35, 33),
(37, 49),
(37, 4),
(37, 21),
(41, 66),
(41, 35),
(44, 50),
(45, 2),
(45, 94),
(46, 55),
(46, 85),
(51, 54),
(51, 81),
(52, 22),
(52, 100),
(52, 83),
(52, 59),
(53, 15),
(55, 12),
(55, 36),
(55, 16),
(55, 60),
(60, 73),
(60, 45),
(63, 82),
(63, 27),
(63, 86),
(65, 5),
(69, 63),
(69, 18),
(69, 17),
(69, 92),
(71, 43),
(71, 30),
(71, 44),
(72, 9),
(72, 42),
(72, 25),
(72, 11),
(73, 46),
(73, 7),
(77, 14),
(77, 75),
(80, 77),
(85, 93),
(85, 78),
(85, 41),
(85, 69),
(91, 48),
(92, 74),
(95, 58),
(96, 57),
(97, 8),
(99, 67),
(100, 3);